<step title="BackgroundTrace" date="2026-01-09T21:25:40.862" instance="9ceb0d" url="/api/zipdeploy" method="POST" >
  <step title="Creating temporary deployment - FetchDeploymentManager" date="2026-01-09T21:25:41.072" /><!-- duration: 6ms -->
  <step title="Creating temporary deployment" date="2026-01-09T21:25:41.089" /><!-- duration: 241ms -->
  <step title="Performing fetch based deployment" date="2026-01-09T21:25:41.456" >
    <step title="Cleaning up temp folders from previous zip deployments and extracting pushed zip file /tmp/zipdeploy/664d585b-276e-4bd6-b003-54a1fac12e51.zip (0.11 MB) to /tmp/zipdeploy/extracted" date="2026-01-09T21:25:42.775" >
      <step title="ChmodRecursive Process exited with total time taken in ms: 111" date="2026-01-09T21:25:43.100" /><!-- duration: 9ms -->
    </step><!-- duration: 342ms -->
    <step title="Deployment timer started" date="2026-01-09T21:25:45.143" >
      <step title="DeploymentManager.Deploy(id:3136aa5b-bc13-4268-a129-3601868539ce)" date="2026-01-09T21:25:45.159" >
        <step title="Collecting changeset information" date="2026-01-09T21:25:45.182" /><!-- duration: 220ms -->
        <step title="Updating submodules" date="2026-01-09T21:25:45.416" /><!-- duration: 1212ms -->
        <step title="Determining deployment builder" date="2026-01-09T21:25:47.107" >
          <step title="Builder is OryxBuilder" date="2026-01-09T21:25:47.161" /><!-- duration: 8ms -->
        </step><!-- duration: 69ms -->
        <step title="PreDeployment: context.CleanOutputPath False" date="2026-01-09T21:25:47.788" >
          <step title="PreDeployment: context.OutputPath /home/site/wwwroot" date="2026-01-09T21:25:48.020" >
            <step title="Building" date="2026-01-09T21:25:49.657" >
              <step title="Executing external process" date="2026-01-09T21:25:50.205" type="process" path="bash" arguments="-c &quot;oryx build /tmp/zipdeploy/extracted -o /home/site/wwwroot --platform python --platform-version 3.11 -p virtualenv_name=antenv --log-file /tmp/build-debug.log  -i /tmp/8de4fc5a7942a10 --compress-destination-dir | tee /tmp/oryx-build.log ; exit $PIPESTATUS &quot;" >
                <step title="Cpu: gzip(970,12.180s)+sh(969,0.000s)+tar(968,1.610s)+build.sh(816,0.040s)+oryx(796,2.990s)+tee(797,0.000s)+bash(795,0.000s)=total(16.820s)" date="2026-01-09T21:27:59.084" /><!-- duration: 12ms -->
                <step title="bash: no io activity for 61s, prev-cpu=-1.000s, current-cpu=16.820s" date="2026-01-09T21:27:59.121" /><!-- duration: 73ms -->
              </step><!-- duration: 163002ms -->
              <step title="Using PythonDeploymentLogParser" date="2026-01-09T21:28:34.552" /><!-- duration: 37ms -->
              <step title="Triggering recycle (preview mode disabled)." date="2026-01-09T21:28:37.192" /><!-- duration: 16ms -->
              <step title="Modified file to trigger a restart of the app container." date="2026-01-09T21:28:37.261" /><!-- duration: 10ms -->
              <step title="Skip function trigger and logicapp sync because function is not enabled." date="2026-01-09T21:28:37.295" /><!-- duration: 13ms -->
            </step><!-- duration: 169029ms -->
          </step><!-- duration: 170685ms -->
          <step title="Cleaning up temp files" date="2026-01-09T21:28:38.715" /><!-- duration: 2423ms -->
          <step title="Cleaning up temp files" date="2026-01-09T21:28:41.155" /><!-- duration: 558ms -->
          <step title="Reloading status file with latest updates" date="2026-01-09T21:28:41.762" >
            <step title="WebHooksManager.PublishEventAsync: PostDeployment" date="2026-01-09T21:28:41.774" /><!-- duration: 81ms -->
          </step><!-- duration: 100ms -->
          <step title="Cleaning up temporary deployment - fetch deployment was successful" date="2026-01-09T21:28:41.875" /><!-- duration: 10ms -->
        </step><!-- duration: 174203ms -->
      </step><!-- duration: 176873ms -->
