<step title="Incoming Request" date="2026-01-09T21:25:39.894" instance="9ceb0d" url="/api/zipdeploy?isAsync=true" method="POST" type="request" pid="768,1,5" Accept="*/*" Host="healthy-eating-api-cafer.scm.azurewebsites.net" User-Agent="AZURECLI/2.80.0 (MSI)" Accept-Encoding="gzip, deflate" Authorization="Bea..." Cache-Control="no-cache" Content-Type="application/octet-stream" Content-Length="120184" x-ms-client-request-id="85929790-eda1-11f0-a66b-80fa5b9c57dc" x-ms-artifact-checksum="1f4b49a92be204d76b5587326d7cba5d52e76ffe690b11b74d37caebe34b4751" X-ARR-LOG-ID="85929790-eda1-11f0-a66b-80fa5b9c57dc" CLIENT-IP="176.33.96.233:23363" X-SITE-DEPLOYMENT-ID="healthy-eating-api-cafer" WAS-DEFAULT-HOSTNAME="healthy-eating-api-cafer.scm.azurewebsites.net" X-Forwarded-Proto="https" X-AppService-Proto="https" X-Forwarded-TlsVersion="1.3" X-WAWS-Unencoded-URL="/api/zipdeploy?isAsync=true" X-Client-IP="176.33.96.233" X-Client-Port="23363" >
  <step title="ZipPushDeploy" date="2026-01-09T21:25:40.410" >
    <step title="ZipDeploy. Extract zip. Remote build." date="2026-01-09T21:25:40.437" /><!-- duration: 12ms -->
    <step title="None repository commit" date="2026-01-09T21:25:40.468" >
      <step title="Commit id: 3136aa5b-bc13-4268-a129-3601868539ce" date="2026-01-09T21:25:40.477" Message="N/A" AuthorName="N/A" AuthorEmail="N/A" /><!-- duration: 8ms -->
    </step><!-- duration: 27ms -->
    <step title="Starting PushDeployAsync" date="2026-01-09T21:25:40.503" /><!-- duration: 10ms -->
    <step title="Writing artifact to /tmp/zipdeploy/664d585b-276e-4bd6-b003-54a1fac12e51.zip" date="2026-01-09T21:25:40.633" >
      <step title="Writing multipart request body to /tmp/zipdeploy/664d585b-276e-4bd6-b003-54a1fac12e51.zip" date="2026-01-09T21:25:40.642" /><!-- duration: 10ms -->
    </step><!-- duration: 109ms -->
    <step title="Start deployment in the background" date="2026-01-09T21:25:40.849" >
      <step title="Acquiring Deployment Lock" date="2026-01-09T21:25:40.915" /><!-- duration: 13ms -->
      <step title="Acquired Deployment Lock" date="2026-01-09T21:25:41.052" /><!-- duration: 9ms -->
    </step><!-- duration: 489ms -->
  </step><!-- duration: 961ms -->
  <step title="Outgoing response" date="2026-01-09T21:25:41.396" type="response" statusCode="202" statusText="Accepted" /><!-- duration: 8ms -->
</step><!-- duration: 1518ms -->
