﻿<?xml version="1.0" encoding="utf-8"?>
<deployment>
  <id>3136aa5b-bc13-4268-a129-3601868539ce</id>
  <author>N/A</author>
  <deployer>Push-Deployer</deployer>
  <authorEmail>N/A</authorEmail>
  <message>Created via a push deployment</message>
  <progress></progress>
  <status>Success</status>
  <statusText></statusText>
  <lastSuccessEndTime>2026-01-09T21:28:37.8660087Z</lastSuccessEndTime>
  <receivedTime>2026-01-09T21:25:45.2314512Z</receivedTime>
  <startTime>2026-01-09T21:25:46.9550816Z</startTime>
  <endTime>2026-01-09T21:28:37.8660087Z</endTime>
  <complete>True</complete>
  <is_temp>False</is_temp>
  <is_readonly>True</is_readonly>
  <buildSummary />
</deployment>